Name;Data Type;Statistical Method;Effect Measure;Analysis Model;Events 1;Mean 1;SD 1;Total 1;Events 2;Mean 2;SD 2;Total 2;Effect Estimate;SE;CI Start;CI End;Weight;Q;P(Q);I²(Q);Tau²;Z;P(Z);Qint;P(Qint);I²(Qint);df;Year of study
PRP or autologous blood versus placebo;;;;;;;;;;;;;;;;;;;;;;;;;;;;
Pain relief>30 or 50%;DIC;MH;Risk Ratio;Random;46;;;56;38;;;63;1.36184211;;1.07708448;1.72188343;100;0;1;0;0;2.58040229;0.00986853;0;1;0;0;
6 months;DIC;MH;Risk Ratio;Random;46;;;56;38;;;63;1.36184211;;1.07708448;1.72188343;100;0;1;0;0;2.58040229;0.00986853;;;;0;
Mishra 2014;;;;;46;0;0;56;38;0;0;63;1.36184211;0.11968609;1.07708448;1.72188343;100;;;;;;;;;;;2014
Mean pain (VAS 0 to 10,PRTEE);CON;IV;Std. Mean Difference;Random;;;;;;;;;;;;;;;;;;;;;;;;
upto 3 weeks;CON;IV;Std. Mean Difference;Random;0;;;10;0;;;9;0.64485291;;-0.28466828;1.57437409;100;0;1;0;0;1.35971992;0.17391857;;;;0;
Wolf 2011;;;;;0;5;3.1;10;0;3;2.8;9;0.64485291;0.47425422;-0.28466828;1.57437409;100;;;;;;;;;;;2011
>3 weeks to 6 weeks;CON;IV;Std. Mean Difference;Random;0;;;264;0;;;227;0.13877561;;-0.10316475;0.38071596;100;7.49406013;0.18641194;33.28049264;0.0294281;1.12422413;0.26091797;;;;5;
Behera 2015;;;;;0;6.2;0.86;15;0;5.5;1.1;10;0.70433781;0.42242718;-0.12360425;1.53227987;7.33031685;;;;;;;;;;;2015
Krogh 2013;;;;;0;27;9.8;20;0;23.3;9.8;20;0.37005001;0.31921582;-0.2556015;0.99570151;11.60291138;;;;;;;;;;;
Martin 2019;;;;;0;4.33;1.9;32;0;3.84;1.9;29;0.25460246;0.25748938;-0.25006744;0.75927237;15.91759665;;;;;;;;;;;2019
Mishra 2014;;;;;0;-3.8;3.7;112;0;-3.3;3.7;113;-0.13468013;0.13348841;-0.39631261;0.12695234;32.25105198;;;;;;;;;;;2014
Montalvan 2015;;;;;0;5.8;1.9;25;0;5.1;1.6;25;0.39227889;0.28578044;-0.16784048;0.95239826;13.7155124;;;;;;;;;;;2015
Yerlikaya 2018;;;;;0;4.1;3;60;0;4.2;2.5;30;-0.03484955;0.22362258;-0.47314175;0.40344264;19.18261075;;;;;;;;;;;2018
>6 weeks to 3 months;CON;IV;Std. Mean Difference;Random;0;;;260;0;;;214;-0.06447409;;-0.26047502;0.13152685;100;6.48353968;0.37125474;7.45795814;0.00556342;0.64472595;0.5191048;;;;6;
Behera 2015;;;;;0;4.3;1.6;15;0;5.2;0.97;10;-0.62705573;0.41952577;-1.44931114;0.19519967;5.50791559;;;;;;;;;;;2015
Krogh 2013;;;;;0;21.5;9.8;20;0;21.7;9.8;20;-0.0200027;0.31623654;-0.63981493;0.59980952;9.47291934;;;;;;;;;;;
Martin 2019;;;;;0;3.45;1.9;29;0;2.72;1.9;29;0.37904177;0.2651308;-0.14060505;0.8986886;13.18317707;;;;;;;;;;;2019
Mishra 2014;;;;;0;-5.5;3.8;101;0;-4.7;3.8;91;-0.2096942;0.14493761;-0.49376668;0.07437829;37.63771054;;;;;;;;;;;2014
Montalvan 2015;;;;;0;3.6;1.9;25;0;3.7;1.9;25;-0.0518049;0.28289421;-0.60626736;0.50265756;11.68380057;;;;;;;;;;;2015
Wolf 2011;;;;;0;4;2.5;10;0;3;2.7;9;0.36795455;0.46433409;-0.54212355;1.27803265;4.52162705;;;;;;;;;;;2011
Yerlikaya 2018;;;;;0;3.3;3.2;60;0;3.47;3;30;-0.05375442;0.22364433;-0.49208926;0.38458042;17.99284984;;;;;;;;;;;2018
> 3 months to 6 months;CON;IV;Std. Mean Difference;Random;0;;;152;0;;;156;-0.16402178;;-0.67201882;0.34397525;100;20.9634685;0.00082304;76.14898508;0.288734;0.63283201;0.52684335;;;;5;
Behera 2015;;;;;0;2.5;2;15;0;5.9;1.6;10;-1.77362029;0.49127547;-2.73650252;-0.81073806;12.67302152;;;;;;;;;;;2015
Krogh 2013;;;;;0;19.2;9.8;20;0;20.3;9.8;20;-0.11001487;0.316493;-0.73032976;0.51030002;17.27373264;;;;;;;;;;;
Martin 2019;;;;;0;2.32;1.9;26;0;2.41;1.9;29;-0.04669494;0.27012154;-0.57612343;0.48273356;18.57282999;;;;;;;;;;;2019
Mishra 2014;;;;;0;-7.1;3.5;56;0;-5.6;3.5;63;-0.42581829;0.18579048;-0.78996093;-0.06167565;20.78187911;;;;;;;;;;;2014
Montalvan 2015;;;;;0;2.5;1.6;25;0;2.1;1.6;25;0.2460733;0.28400232;-0.31056102;0.80270762;18.18609634;;;;;;;;;;;2015
Wolf 2011;;;;;0;3;2.3;10;0;1;1;9;1.05629003;0.49815114;0.07993174;2.03264832;12.5124404;;;;;;;;;;;2011
> 6 months to 12 months;CON;IV;Std. Mean Difference;Random;0;;;82;0;;;80;-0.44270406;;-1.14494198;0.25953387;100;13.62190218;0.00346772;77.97664409;0.3903579;1.23559833;0.21660793;;;;3;
Behera 2015;;;;;0;1.3;1.4;15;0;4.1;1.2;10;-2.04301966;0.51552188;-3.05342397;-1.03261535;19.56539576;;;;;;;;;;;2015
Krogh 2013;;;;;0;19.5;9.8;20;0;20.9;9.8;20;-0.14001892;0.3166573;-0.76065582;0.48061797;26.16486562;;;;;;;;;;;
Martin 2019;;;;;0;2.27;1.9;22;0;2.21;1.9;25;0.03104969;0.29234524;-0.54193645;0.60403584;26.97903217;;;;;;;;;;;2019
Montalvan 2015;;;;;0;1.7;1.5;25;0;1.8;2.1;25;-0.05393893;0.28289854;-0.60840988;0.50053201;27.29070645;;;;;;;;;;;2015
Function (DASH,MMCPIE,Roles-Maudsley);CON;IV;Std. Mean Difference;Random;;;;;;;;;;;;;;;;;;;;;;;;
upto 3 weeks;CON;IV;Std. Mean Difference;Random;0;;;10;0;;;9;0.58514956;;-0.33931992;1.50961904;100;0;1;0;0;1.24057321;0.21476348;;;;0;
Wolf 2011;;;;;0;36;22.3;10;0;24;16;9;0.58514956;0.47167677;-0.33931992;1.50961904;100;;;;;;;;;;;2011
>3 weeks to 6 weeks;CON;IV;Std. Mean Difference;Random;0;;;218;0;;;212;0.15379476;;-0.03598368;0.3435732;100;1.66529347;0.89324293;0;0;1.58833738;0.11221007;;;;5;
Behera 2015;;;;;0;21.7;10.4;15;0;21.7;6;10;0;0.40824829;-0.80015195;0.80015195;5.62534056;;;;;;;;;;;2015
Krogh 2013;;;;;0;46.3;19.2;20;0;43.7;19.2;20;0.13272627;0.31661374;-0.48782527;0.75327781;9.35272235;;;;;;;;;;;
Martin 2019;;;;;0;36.25;18.2;28;0;31.73;18.2;26;0.24475235;0.27344861;-0.29119708;0.78070178;12.53851558;;;;;;;;;;;2019
Mishra 2014;;;;;0;42.83;19.2;112;0;40.29;19.2;113;0.13184624;0.13348201;-0.12977369;0.39346617;52.62015061;;;;;;;;;;;2014
Montalvan 2015;;;;;0;3.2;0.6;25;0;3.2;0.5;25;0;0.28284271;-0.55436153;0.55436153;11.71945951;;;;;;;;;;;2015
Schoffl 2017;;;;;0;40.2;18.2;18;0;30.6;18.8;18;0.50732069;0.33930084;-0.15769673;1.17233811;8.1438114;;;;;;;;;;;2017
>6 weeks to 3 months;CON;IV;Std. Mean Difference;Random;0;;;221;0;;;202;-0.03804335;;-0.25837064;0.18228393;100;6.99848957;0.32098709;14.26721521;0.01303092;0.338422;0.7350452;;;;6;
Behera 2015;;;;;0;15.3;9.2;15;0;21.9;5.3;10;-0.80724325;0.42677599;-1.64370881;0.02922231;6.47485879;;;;;;;;;;;2015
Krogh 2013;;;;;0;34.9;19.2;20;0;39.5;19.2;20;-0.2348234;0.31743438;-0.85698336;0.38733656;11.10491589;;;;;;;;;;;
Martin 2019;;;;;0;28.35;18.2;30;0;22.28;18.2;27;0.32894776;0.26718913;-0.19473332;0.85262884;14.96890874;;;;;;;;;;;2019
Mishra 2014;;;;;0;27.05;19.2;101;0;28.88;19.2;91;-0.09493577;0.14461661;-0.37837912;0.18850757;37.22768995;;;;;;;;;;;2014
Montalvan 2015;;;;;0;3;0.7;25;0;2.9;0.7;25;0.14061331;0.28322188;-0.41449137;0.695718;13.5522766;;;;;;;;;;;2015
Palacio 2016;;;;;0;13;21;20;0;15.5;17.4;20;-0.12706425;0.31658153;-0.74755265;0.49342416;11.15793481;;;;;;;;;;;2016
Wolf 2011;;;;;0;28;22.4;10;0;20;15.8;9;0.39041852;0.46494274;-0.52085251;1.30168956;5.51341522;;;;;;;;;;;2011
>6 months to 12 months;CON;IV;Std. Mean Difference;Random;0;;;150;0;;;150;-0.14324523;;-0.63819186;0.35170141;100;19.28359427;0.00170179;74.07122381;0.26606847;0.56724396;0.57054845;;;;5;
Behera 2015;;;;;0;11.2;8.4;15;0;28.6;8;10;-2.0406019;0.51529448;-3.05056052;-1.03064329;11.99604698;;;;;;;;;;;2015
Martin 2019;;;;;0;20.51;18.2;26;0;19.24;18.2;25;0.06870668;0.28019938;-0.48047402;0.61788738;18.50675604;;;;;;;;;;;2019
Mishra 2014;;;;;0;16.17;19.2;56;0;21.06;19.2;63;-0.25305139;0.18441374;-0.61449568;0.10839289;21.2514229;;;;;;;;;;;2014
Montalvan 2015;;;;;0;2.6;0.8;25;0;2.5;0.9;25;0.11559937;0.28309903;-0.43926454;0.67046328;18.41944469;;;;;;;;;;;2015
Schoffl 2017;;;;;0;30.1;20.2;18;0;25.8;22.6;18;0.19616121;0.33423229;-0.45892204;0.85124446;16.88037003;;;;;;;;;;;2017
Wolf 2011;;;;;0;20;16.3;10;0;10;10.9;9;0.68131281;0.47594366;-0.25151963;1.61414525;12.94595936;;;;;;;;;;;2011
12 months;CON;IV;Std. Mean Difference;Random;0;;;65;0;;;59;-0.73550424;;-1.98453615;0.51352766;100;19.44279438;0.00005999;89.71341279;1.06436871;1.15414332;0.24844144;;;;2;
Behera 2015;;;;;0;7.2;6;15;0;25.3;7.5;10;-2.64100573;0.57642246;-3.77077299;-1.51123847;29.07830103;;;;;;;;;;;2015
Martin 2019;;;;;0;21.64;18.2;25;0;21.76;18.2;24;-0.00648763;0.28577462;-0.56659559;0.55362033;35.4366516;;;;;;;;;;;2019
Montalvan 2015;;;;;0;2.3;1.1;25;0;2.2;0.9;25;0.09794083;0.28302673;-0.45678136;0.65266303;35.48504737;;;;;;;;;;;2015
Treatment success (>25% improvement in pain or function);DIC;MH;Risk Ratio;Fixed;125;;;187;121;;;185;1.02263202;;0.89106561;1.17362429;100;4.84063427;0.18384572;38.02465067;0;0.31850428;0.75010245;0;1;0;3;
Martin 2019;;;;;17;0;0;30;20;0;0;27;0.765;0.19609477;0.52088909;1.12351172;17.29541921;;;;;;;;;;;2019
Mishra 2014;;;;;84;0;0;112;74;0;0;113;1.14527027;0.08740793;0.96495313;1.35928259;60.52320565;;;;;;;;;;;2014
Montalvan 2015;;;;;6;0;0;25;9;0;0;25;0.66666667;0.44472214;0.27884353;1.59388473;7.39379171;;;;;;;;;;;2015
Palacio 2016;;;;;18;0;0;20;18;0;0;20;1;0.10540926;0.81334627;1.22948864;14.78758343;;;;;;;;;;;2016
Health-related quality of life;CON;IV;Std. Mean Difference;Random;0;;;0;0;;;0;0;;0;0;0;0;0;0;�;0;0;0;0;0;0;
Withdrawals due to AEs;DIC;MH;Risk Ratio;Fixed;1;;;41;3;;;39;0.31707317;;0.03442655;2.92028666;100;0;1;0;0;1.01394162;0.31061062;0;1;0;0;
Behera 2015;;;;;0;0;0;15;0;0;0;10;0;0;0;0;0;;;;;;;;;;;2015
Krogh 2013;;;;;0;0;0;20;0;0;0;20;0;0;0;0;0;;;;;;;;;;;
Martin 2019;;;;;1;0;0;41;3;0;0;39;0.31707317;1.13282923;0.03442655;2.92028666;100;;;;;;;;;;;2019
Mishra 2014;;;;;0;0;0;112;0;0;0;113;0;0;0;0;0;;;;;;;;;;;2014
Montalvan 2015;;;;;0;0;0;25;0;0;0;25;0;0;0;0;0;;;;;;;;;;;2015
Wolf 2011;;;;;0;0;0;10;0;0;0;9;0;0;0;0;0;;;;;;;;;;;2011
Yerlikaya 2018;;;;;0;0;0;30;0;0;0;30;0;0;0;0;0;;;;;;;;;;;2018
Adverse events;DIC;MH;Risk Ratio;Random;41;;;217;35;;;208;1.14409102;;0.76075128;1.72059424;100;1.94993853;0.74496629;0;0;0.64655226;0.51792177;0;1;0;4;
Behera 2015;;;;;0;0;0;15;1;0;0;10;0.22916667;1.5853257;0.0102499;5.12369336;1.72469898;;;;;;;;;;;2015
Krogh 2013;;;;;4;0;0;20;3;0;0;20;1.33333333;0.69522179;0.34132247;5.20849912;8.96816438;;;;;;;;;;;
Martin 2019;;;;;6;0;0;41;6;0;0;39;0.95121951;0.53226127;0.3351345;2.69986698;15.30032195;;;;;;;;;;;2019
Mishra 2014;;;;;25;0;0;116;22;0;0;114;1.11677116;0.26088681;0.66972566;1.86222195;63.68630806;;;;;;;;;;;2014
Montalvan 2015;;;;;6;0;0;25;3;0;0;25;2;0.64807407;0.56154989;7.12314269;10.32050663;;;;;;;;;;;2015
PRP or autologous blood versus steroid injection;;;;;;;;;;;;;;;;;;;;;;;;;;;;
Mean Pain;CON;IV;Std. Mean Difference;Random;;;;;;;;;;;;;;;;;;;;;;;;
upto 3 weeks;CON;IV;Std. Mean Difference;Random;0;;;140;0;;;140;1.2168459;;0.30993407;2.12375772;100;45.89480102;0;91.28441586;0.97340364;2.62977509;0.00854414;;;;4;
Arik 2014;;;;;0;5.3;1.4;40;0;1.7;0.9;40;3.02947897;0.332163;2.37845146;3.68050648;19.75652185;;;;;;;;;;;2014
Dojode 2012;;;;;0;7.2;1.9;30;0;4.5;1.9;30;1.4025974;0.29019453;0.83382658;1.97136822;20.24443818;;;;;;;;;;;2012
Gautam 2015;;;;;0;4.5;3.8;15;0;2.1;2.7;15;0.70843034;0.37810386;-0.0326396;1.44950028;19.17905841;;;;;;;;;;;2015
Jindal 2013;;;;;0;4.24;1.64;25;0;3.52;1.19;25;0.49462763;0.2874993;-0.06886064;1.05811589;20.27428587;;;;;;;;;;;2013
Yadav 2015;;;;;0;5.93;1.92;30;0;5;1.92;30;0.47808442;0.26211684;-0.03565515;0.99182399;20.54569569;;;;;;;;;;;2015
>3 weeks to 6 weeks;CON;IV;Std. Mean Difference;Random;0;;;314;0;;;313;0.46262642;;0.03621697;0.88903587;100;71.35842176;0;84.58486086;0.46685726;2.12643299;0.03346722;;;;11;
Arik 2014;;;;;0;3.6;1.2;40;0;2.5;1.1;40;0.94640075;0.23640632;0.48305288;1.40974861;9.05456105;;;;;;;;;;;2014
Dojode 2012;;;;;0;3.2;2.4;30;0;1.5;2.3;30;0.71384784;0.26685503;0.19082159;1.23687408;8.79669625;;;;;;;;;;;2012
Gautam 2015;;;;;0;2.7;3.0984;15;0;1.4;1.9365;15;0.48957206;0.37139193;-0.23834275;1.21748687;7.82624454;;;;;;;;;;;2015
Gosens 2011;;;;;0;55.7;24.1;51;0;44.3;26.3;49;0.44888223;0.20264453;0.05170625;0.84605821;9.31880835;;;;;;;;;;;2011
Jindal 2013;;;;;0;1.52;1.26;25;0;2.28;1.28;25;-0.58900759;0.28942368;-1.15626757;-0.0217476;8.59612764;;;;;;;;;;;2013
Kazemi 2010;;;;;0;2.7;0.9;30;0;4.5;2.5;30;-0.94560121;0.27320635;-1.48107581;-0.41012661;8.74097397;;;;;;;;;;;2010
Krogh 2013;;;;;0;27;9.8;20;0;18.2;9.8;20;0.88011893;0.33277705;0.22788791;1.53234996;8.19467838;;;;;;;;;;;
Martínez-Montiel 2015;;;;;0;6.95;1.7;30;0;6.35;1.6;30;0.35874914;0.26041227;-0.15164954;0.86914781;8.85258635;;;;;;;;;;;2015
Omar 2012;;;;;0;3.8;1.9;15;0;4.3;2.1;15;-0.24293976;0.36669567;-0.96165007;0.47577055;7.87135797;;;;;;;;;;;2012
Ozturan 2010;;;;;0;50.5;12.1;18;0;18.5;13;20;2.48975688;0.44334536;1.62081595;3.35869782;7.13467013;;;;;;;;;;;2010
Wolf 2011;;;;;0;5;3.1;10;0;3;1.8;9;0.74294584;0.47899557;-0.19586823;1.68175991;6.79774386;;;;;;;;;;;2011
Yadav 2015;;;;;0;4.6;1.92;30;0;3.4;1.92;30;0.61688312;0.26468992;0.09810042;1.13566582;8.81555151;;;;;;;;;;;2015
>6 weeks to 3 months;CON;IV;Std. Mean Difference;Random;0;;;274;0;;;273;-0.5352359;;-0.8901465;-0.1803253;100;35.48811833;0.00004885;74.63939926;0.23748953;2.95579532;0.00311864;;;;9;
Arik 2014;;;;;0;2.1;1.1;40;0;3.7;1.9;40;-1.02070864;0.23842996;-1.48802276;-0.55339451;11.1402483;;;;;;;;;;;2014
Dojode 2012;;;;;0;0.6;1.9;30;0;1.5;1.8;30;-0.4799932;0.26214795;-0.99379375;0.03380734;10.70830806;;;;;;;;;;;2012
Gautam 2015;;;;;0;1.8;2.3238;15;0;1.7;1.9365;15;0.04548868;0.36520273;-0.67029552;0.76127288;8.8415572;;;;;;;;;;;2015
Gosens 2011;;;;;0;40.2;27.5;51;0;45.5;27.1;49;-0.19261567;0.20052212;-0.5856318;0.20040045;11.80777284;;;;;;;;;;;2011
Kazemi 2010;;;;;0;1.5;1.2;30;0;4;2.6;30;-1.21862742;0.28268689;-1.77268354;-0.66457131;10.33077522;;;;;;;;;;;2010
Krogh 2013;;;;;0;21.5;9.8;20;0;20.9;9.8;20;0.06000811;0.3163067;-0.55994164;0.67995785;9.71442738;;;;;;;;;;;
Martínez-Montiel 2015;;;;;0;4.1;1.5;30;0;6.6;1.6;30;-1.5911288;0.29874212;-2.1766526;-1.00560499;10.03562111;;;;;;;;;;;2015
Ozturan 2010;;;;;0;25.5;15.4;18;0;30.5;14.6;20;-0.32670838;0.3272957;-0.96819616;0.31477939;9.51505622;;;;;;;;;;;2010
Wolf 2011;;;;;0;4;2.5;10;0;3;3;9;0.34777707;0.46381751;-0.56128854;1.25684268;7.24455404;;;;;;;;;;;2011
Yadav 2015;;;;;0;1.6;1.92;30;0;2.8;1.92;30;-0.61688312;0.26468992;-1.13566582;-0.09810042;10.66167963;;;;;;;;;;;2015
>3 months to 6 months;CON;IV;Std. Mean Difference;Random;0;;;214;0;;;213;-0.77838465;;-1.08892402;-0.46784528;100;15.64667042;0.02854796;55.26204738;0.10642451;4.91276154;0.0000009;;;;7;
Arik 2014;;;;;0;0.6;1.3;40;0;2.7;2.9;40;-0.92547338;0.23586104;-1.38775253;-0.46319424;15.49083651;;;;;;;;;;;2014
Dojode 2012;;;;;0;0.5;1.9;30;0;1.8;2;30;-0.65779246;0.26556702;-1.17829426;-0.13729066;14.18684129;;;;;;;;;;;2012
Gautam 2015;;;;;0;1.6;1.9365;15;0;2.9;4.6476;15;-0.35527797;0.36844959;-1.07742589;0.36686995;10.3657224;;;;;;;;;;;2015
Gosens 2011;;;;;0;32.9;30.8;51;0;55.8;24.1;49;-0.81973717;0.20859928;-1.22858424;-0.4108901;16.74267859;;;;;;;;;;;2011
Krogh 2013;;;;;0;19.2;9.8;20;0;26.4;9.8;20;-0.72009731;0.32739878;-1.36178713;-0.07840749;11.75185631;;;;;;;;;;;
Martínez-Montiel 2015;;;;;0;5.05;2;30;0;7.55;1.7;30;-1.32943853;0.28710659;-1.89215711;-0.76671995;13.29258164;;;;;;;;;;;2015
Ozturan 2010;;;;;0;24.4;13.7;18;0;43.5;13.4;20;-1.38078699;0.36543672;-2.09702981;-0.66454418;10.46123351;;;;;;;;;;;2010
Wolf 2011;;;;;0;3;2.3;10;0;2;1.4;9;0.49506484;0.46823947;-0.42266766;1.41279734;7.70824976;;;;;;;;;;;2011
>6 months to 1 year;CON;IV;Std. Mean Difference;Random;0;;;89;0;;;89;-0.91343327;;-1.24823716;-0.57862939;100;2.22139641;0.32932923;9.96654226;0.00971149;5.3472985;0.00000009;;;;2;
Gosens 2011;;;;;0;25.9;30.6;51;0;48.8;27;49;-0.78650283;0.2079322;-1.19404246;-0.37896321;55.11134777;;;;;;;;;;;2011
Krogh 2013;;;;;0;19.5;9.8;20;0;27.5;9.8;20;-0.80010812;0.32996439;-1.44682644;-0.15338981;24.60617368;;;;;;;;;;;
Ozturan 2010;;;;;0;23.3;11.8;18;0;42.5;14.8;20;-1.39581051;0.36627362;-2.11369361;-0.67792741;20.28247855;;;;;;;;;;;2010
>1 year;CON;IV;Std. Mean Difference;Random;0;;;51;0;;;49;-0.76219079;;-1.16880571;-0.35557587;100;0;0;100;0;3.67390972;0.00023887;;;;0;
Gosens 2011;;;;;0;21.3;28.1;51;0;42.4;26.8;49;-0.76219079;0.2074604;-1.16880571;-0.35557587;100;;;;;;;;;;;2011
Function (various scales);CON;IV;Std. Mean Difference;Random;;;;;;;;;;;;;;;;;;;;;;;;
upto 3 weeks;CON;IV;Std. Mean Difference;Random;0;;;85;0;;;85;1.04674362;;-0.27501599;2.36850323;100;29.41656678;0.00000041;93.20111006;1.26803969;1.55215803;0.12062442;;;;2;
Arik 2014;;;;;0;51.2;16.3;40;0;19.5;9.7;40;2.34070174;0.29328631;1.76587114;2.91553235;33.58705842;;;;;;;;;;;2014
Gautam 2015;;;;;0;51.6;26.3;15;0;39.7;25.9;15;0.44360301;0.37028222;-0.28213681;1.16934282;32.36581247;;;;;;;;;;;2015
Yadav 2015;;;;;0;75.5;13.5;30;0;70.8;13.5;30;0.34362674;0.26023032;-0.16641531;0.85366879;34.04712911;;;;;;;;;;;2015
>3 weeks to 6 weeks;CON;IV;Std. Mean Difference;Random;0;;;326;0;;;318;0.38115315;;0.00817178;0.75413453;100;55.86153611;0.00000005;80.30845414;0.33494902;2.00290552;0.04518743;;;;11;
Arik 2014;;;;;0;34.3;12.3;40;0;25;11.4;40;0.7766798;0.23230475;0.32137085;1.23198874;9.31159222;;;;;;;;;;;2014
Branson 2016;;;;;0;13.6;21.5;14;0;36;19.6;14;-1.05714704;0.40753108;-1.85589328;-0.25840081;7.22792862;;;;;;;;;;;2016
Gautam 2015;;;;;0;38.6;22.076;15;0;32.7;15.8792;15;0.29853761;0.36748241;-0.42171468;1.01878991;7.70526041;;;;;;;;;;;2015
Gosens 2011;;;;;0;43.1;21.6;51;0;31.2;20.8;49;0.55670058;0.20403221;0.1568048;0.95659636;9.61663146;;;;;;;;;;;2011
Kazemi 2010;;;;;0;21;10.6;30;0;32.3;17.2;30;-0.78069214;0.26851933;-1.30698036;-0.25440393;8.89669259;;;;;;;;;;;2010
Krogh 2013;;;;;0;46.3;19.2;20;0;29.2;19.2;20;0.87293046;0.3325144;0.22121421;1.52464672;8.12860314;;;;;;;;;;;
Lebiedziński 2015;;;;;0;32.2;18.2;53;0;20.6;21.5;46;0.58133348;0.20587523;0.17782545;0.98484151;9.5973778;;;;;;;;;;;2015
Martínez-Montiel 2015;;;;;0;60.3;7.5;30;0;58.8;7.1;30;0.20273481;0.2589078;-0.30471516;0.71018478;9.00888835;;;;;;;;;;;2015
Omar 2012;;;;;0;19.9;12.9;15;0;20.2;14;15;-0.02168388;0.36516072;-0.73738575;0.69401799;7.73324814;;;;;;;;;;;2012
Ozturan 2010;;;;;0;33.8;8;18;0;18.4;7.68;20;1.92485928;0.39993261;1.14100578;2.70871279;7.31753724;;;;;;;;;;;2010
Wolf 2011;;;;;0;36;22.3;10;0;25;19.5;9;0.49966902;0.46840181;-0.41838167;1.4177197;6.53272863;;;;;;;;;;;2011
Yadav 2015;;;;;0;62.5;13.5;30;0;53.1;13.5;30;0.68725349;0.26623161;0.16544911;1.20905786;8.92351141;;;;;;;;;;;2015
>6 weeks to 3 months;CON;IV;Std. Mean Difference;Random;0;;;278;0;;;277;-0.66028917;;-1.08956486;-0.23101347;100;56.46362165;0.00000002;82.28948178;0.42389339;3.01471294;0.00257223;;;;10;
Arik 2014;;;;;0;19.4;9.1;40;0;34.5;17.5;40;-1.0721955;0.23991084;-1.54241212;-0.60197889;9.96379254;;;;;;;;;;;2014
Branson 2016;;;;;0;17.8;18.3;14;0;17.9;22.5;14;-0.00473417;0.37796509;-0.74553213;0.73606379;8.46416493;;;;;;;;;;;2016
Gautam 2015;;;;;0;33.6;19.7522;15;0;34.3;12.7808;15;-0.04094074;0.3651924;-0.7567047;0.67482322;8.60833999;;;;;;;;;;;2015
Gosens 2011;;;;;0;21.3;22;51;0;32.3;21.7;49;-0.4994881;0.20325996;-0.89787031;-0.10110589;10.3116754;;;;;;;;;;;2011
Kazemi 2010;;;;;0;6.9;12.6;30;0;32.4;19.4;30;-1.53869469;0.29628223;-2.11939719;-0.95799218;9.37520767;;;;;;;;;;;2010
Krogh 2013;;;;;0;34.9;19.2;20;0;37.3;19.2;20;-0.12251656;0.31655668;-0.74295624;0.49792313;9.15294794;;;;;;;;;;;
Martínez-Montiel 2015;;;;;0;46.3;5.1;30;0;64.3;8.2;30;-2.60187213;0.35643522;-3.30047234;-1.90327193;8.70707996;;;;;;;;;;;2015
Ozturan 2010;;;;;0;19.5;12;18;0;20.6;6.9;20;-0.11159525;0.32517437;-0.74892531;0.52573481;9.05737583;;;;;;;;;;;2010
Palacio 2016;;;;;0;13;21;20;0;21.8;24.6;20;-0.37712331;0.31933058;-1.00299975;0.24875312;9.12224657;;;;;;;;;;;2016
Wolf 2011;;;;;0;28;22.4;10;0;28;24.2;9;0;0.45946829;-0.9005413;0.9005413;7.55439358;;;;;;;;;;;2011
Yadav 2015;;;;;0;34.2;13.5;30;0;44.3;13.5;30;-0.73843194;0.26745101;-1.26262629;-0.21423759;9.68277559;;;;;;;;;;;2015
>3 months to 6 months;CON;IV;Std. Mean Difference;Random;0;;;191;0;;;183;-0.54776341;;-1.25026692;0.1547401;100;57.6325032;0;89.58920806;0.78252467;1.52824368;0.12645205;;;;6;
Branson 2016;;;;;0;29.4;22.5;14;0;19.2;23.1;14;0.43430068;0.38311469;-0.31659032;1.18519167;13.82433238;;;;;;;;;;;2016
Gautam 2015;;;;;0;32;17.4284;15;0;39.6;3.873;15;-0.58573986;0.37405354;-1.31887132;0.14739161;13.9271533;;;;;;;;;;;2015
Gosens 2011;;;;;0;27.8;24.7;51;0;37.6;23.1;49;-0.40639077;0.20217726;-0.80265092;-0.01013063;15.60234204;;;;;;;;;;;2011
Lebiedziński 2015;;;;;0;14.2;13.4;53;0;14.7;22;46;-0.02769979;0.20152194;-0.42267552;0.36727595;15.60735657;;;;;;;;;;;2015
Martínez-Montiel 2015;;;;;0;49.4;6.14;30;0;67.7;6.14;30;-2.9417488;0.37927669;-3.68511746;-2.19838015;13.86799803;;;;;;;;;;;2015
Ozturan 2010;;;;;0;20.7;8.87;18;0;27.1;7.67;20;-0.75870823;0.33764761;-1.42048539;-0.09693107;14.32965433;;;;;;;;;;;2010
Wolf 2011;;;;;0;20;16.3;10;0;13;12.8;9;0.45312035;0.46682736;-0.46184445;1.36808516;12.84116334;;;;;;;;;;;2011
>6 months to 1 year;CON;IV;Std. Mean Difference;Random;0;;;122;0;;;115;-0.56572056;;-0.97986096;-0.15158017;100;4.58817703;0.10085343;56.40970292;0.07448454;2.67733344;0.00742107;;;;2;
Gosens 2011;;;;;0;20;23.5;51;0;36.8;24;49;-0.70205297;0.2063528;-1.10649703;-0.29760892;38.13889952;;;;;;;;;;;2011
Lebiedziński 2015;;;;;0;9.9;17.1;53;0;14.4;25.2;46;-0.21016977;0.20208758;-0.60625414;0.1859146;38.71502761;;;;;;;;;;;2015
Ozturan 2010;;;;;0;18.6;10.16;18;0;27.5;8.48;20;-0.93578727;0.34410867;-1.61022787;-0.26134666;23.14607287;;;;;;;;;;;2010
>1 year;CON;IV;Std. Mean Difference;Random;0;;;51;0;;;49;-0.78465363;;-1.19212198;-0.37718529;100;0;1;0;0;3.77426341;0.00016048;;;;0;
Gosens 2011;;;;;0;17.6;24;51;0;36.5;23.8;49;-0.78465363;0.20789583;-1.19212198;-0.37718529;100;;;;;;;;;;;2011
Grip Strength;CON;IV;Std. Mean Difference;Random;;;;;;;;;;;;;;;;;;;;;;;;
upto 3 weeks;CON;IV;Std. Mean Difference;Random;0;;;85;0;;;85;-0.5152402;;-0.86675185;-0.16372855;100;2.53029852;0.28219728;20.95794293;0.02074899;2.8728841;0.00406743;;;;2;
Arik 2014;;;;;0;8.3;14.3;40;0;24.3;24.9;40;-0.78042285;0.2323872;-1.2358934;-0.32495231;43.02846114;;;;;;;;;;;2014
Gautam 2015;;;;;0;22.5;25.5;15;0;25.5;18.9;15;-0.13005382;0.36559247;-0.8466019;0.58649425;20.83131726;;;;;;;;;;;2015
Yadav 2015;;;;;0;91.6;19.2;30;0;99.8;19.2;30;-0.4215368;0.26124991;-0.93357721;0.09050362;36.1402216;;;;;;;;;;;2015
>3 weeks to 6 weeks;CON;IV;Std. Mean Difference;Random;0;;;133;0;;;135;-0.1759576;;-0.65222625;0.30031105;100;14.60539782;0.0055937;72.61286513;0.21080546;0.72410929;0.46899865;;;;4;
Arik 2014;;;;;0;21.8;19;40;0;20.3;21.7;40;0.07283894;0.22368477;-0.36557515;0.51125304;22.63773952;;;;;;;;;;;2014
Gautam 2015;;;;;0;25.5;24.3998;15;0;25.5;23.2379;15;0;0.36514837;-0.71567766;0.71567766;17.15829701;;;;;;;;;;;2015
Kazemi 2010;;;;;0;41.2;19.3;30;0;33.2;14;30;0.46834559;0.26195998;-0.04508653;0.98177772;21.13183086;;;;;;;;;;;2010
Ozturan 2010;;;;;0;33.6;8.52;18;0;40.9;9.05;20;-0.81180115;0.3394554;-1.47712151;-0.14648079;18.11102439;;;;;;;;;;;2010
Yadav 2015;;;;;0;108.6;19.2;30;0;122;19.2;30;-0.68885281;0.26626848;-1.21072944;-0.16697619;20.96110822;;;;;;;;;;;2015
>6 weeks to 3 months;CON;IV;Std. Mean Difference;Random;0;;;133;0;;;135;0.53132986;;0.06243988;1.00021983;100;13.70244879;0.00830786;70.80813757;0.19991109;2.22096321;0.02635345;;;;4;
Arik 2014;;;;;0;34.9;29.1;40;0;20;25.8;40;0.53660051;0.22780002;0.09012068;0.98308034;22.72914956;;;;;;;;;;;2014
Gautam 2015;;;;;0;25.5;21.6887;15;0;25.8;25.949;15;-0.01220595;0.36515229;-0.72789127;0.70347938;17.17430182;;;;;;;;;;;2015
Kazemi 2010;;;;;0;47.8;15;30;0;31.1;15.7;30;1.07353966;0.27739091;0.52986346;1.61721586;20.67238078;;;;;;;;;;;2010
Ozturan 2010;;;;;0;38;6.56;18;0;39.2;9.03;20;-0.14759658;0.32538493;-0.78533933;0.49014617;18.71662228;;;;;;;;;;;2010
Yadav 2015;;;;;0;156.6;19.2;30;0;136.2;19.2;30;1.0487013;0.27654217;0.50668861;1.59071399;20.70754556;;;;;;;;;;;2015
>3 months to 6 months;CON;IV;Std. Mean Difference;Random;0;;;33;0;;;35;0.34774116;;-0.13359524;0.82907756;100;0.8191224;0.36543694;0;0;1.41597466;0.15678292;;;;1;
Gautam 2015;;;;;0;25.9;24.0125;15;0;23.3;25.1744;15;0.10283324;0.36542609;-0.61338872;0.81905521;45.16501272;;;;;;;;;;;2015
Ozturan 2010;;;;;0;37.5;6.23;18;0;34.1;5.9;20;0.54946035;0.33164369;-0.10054935;1.19947004;54.83498728;;;;;;;;;;;2010
>6 months to 1 year;CON;IV;Std. Mean Difference;Random;0;;;18;0;;;20;0.54354283;;-0.10618624;1.1932719;100;0;1;0;0;1.63964401;0.10107921;;;;0;
Ozturan 2010;;;;;0;37.3;5.83;18;0;33.8;6.7;20;0.54354283;0.33150051;-0.10618624;1.1932719;100;;;;;;;;;;;2010
Adverse Events;DIC;MH;Risk Ratio;Random;46;;;201;24;;;195;1.6393139;;0.65221933;4.12031651;100;11.63260043;0.02030312;65.61387952;0.65583591;1.05111961;0.29320367;0;1;0;4;
Arik 2014;;;;;10;0;0;40;0;0;0;40;21;1.43054451;1.27214787;346.65781312;8.18286546;;;;;;;;;;;2014
Dojode 2012;;;;;18;0;0;30;10;0;0;30;1.8;0.2981424;1.00344422;3.22887902;29.69218198;;;;;;;;;;;2012
Kazemi 2010;;;;;0;0;0;30;0;0;0;30;0;0;0;0;0;;;;;;;;;;;2010
Krogh 2013;;;;;4;0;0;20;6;0;0;20;0.66666667;0.56273143;0.22126406;2.00866081;22.73773334;;;;;;;;;;;
Lebiedziński 2015;;;;;11;0;0;53;2;0;0;46;4.77358491;0.74182345;1.11533;20.43082575;18.33331283;;;;;;;;;;;2015
Ozturan 2010;;;;;3;0;0;18;6;0;0;20;0.55555556;0.62804812;0.1622303;1.90249282;21.05390639;;;;;;;;;;;2010
Wolf 2011;;;;;0;0;0;10;0;0;0;9;0;0;0;0;0;;;;;;;;;;;2011
Pain relief >50%;DIC;MH;Risk Ratio;Fixed;;;;;;;;;;;;;;;;;;;;;;;;
6 weeks;DIC;MH;Risk Ratio;Fixed;3;;;18;18;;;20;0.18518519;;0.06524085;0.52564539;100;0;1;0;0;3.16819197;0.0015339;;;;0;
Ozturan 2010;;;;;3;0;0;18;18;0;0;20;0.18518519;0.53229065;0.06524085;0.52564539;100;;;;;;;;;;;2010
1 year;DIC;MH;Risk Ratio;Fixed;15;;;18;10;;;20;1.66666667;;1.02665871;2.70564867;100;0;1;0;0;2.06639139;0.03879154;;;;0;
Ozturan 2010;;;;;15;0;0;18;10;0;0;20;1.66666667;0.24720662;1.02665871;2.70564867;100;;;;;;;;;;;2010
Treatment success;DIC;MH;Risk Ratio;Random;;;;;;;;;;;;;;;;;;;;;;;;
up to 6 weeks;DIC;MH;Risk Ratio;Random;25;;;122;54;;;115;0.33928457;;0.08918908;1.29067388;100;25.10341378;0.00001469;88.04943413;1.45417434;1.58565035;0.11281865;;;;3;
Branson 2016;;;;;3;0;0;14;14;0;0;14;0.24137931;0.47047473;0.09599116;0.60697228;27.73443272;;;;;;;;;;;2016
Dojode 2012;;;;;5;0;0;30;19;0;0;30;0.26315789;0.43123649;0.1130179;0.61275318;28.33272791;;;;;;;;;;;2012
Jindal 2013;;;;;17;0;0;25;13;0;0;25;1.30769231;0.23610719;0.82324815;2.07720986;30.77619346;;;;;;;;;;;2013
Lebiedziński 2015;;;;;0;0;0;53;8;0;0;46;0.05119826;1.44147561;0.00303577;0.86345845;13.15664591;;;;;;;;;;;2015
>6 weeks to 3 mo;DIC;MH;Risk Ratio;Random;43;;;54;31;;;54;1.31442383;;0.77220309;2.23737775;100;1.67313727;0.19583893;40.232041;0.08081865;1.0074166;0.31373463;;;;1;
Arik 2014;;;;;38;0;0;40;25;0;0;40;1.52;0.12773327;1.18335984;1.95240697;75.82292728;;;;;;;;;;;2014
Branson 2016;;;;;5;0;0;14;6;0;0;14;0.83333333;0.47308511;0.32970685;2.10624813;24.17707272;;;;;;;;;;;2016
>3 mo to 6 mo;DIC;MH;Risk Ratio;Random;44;;;97;46;;;90;1.02046979;;0.23474569;4.43611382;100;31.44290739;0.00000015;93.63926505;1.56279929;0.02702588;0.97843909;;;;2;
Branson 2016;;;;;9;0;0;14;4;0;0;14;2.25;0.46717659;0.90057748;5.62139307;31.56278589;;;;;;;;;;;2016
Dojode 2012;;;;;27;0;0;30;14;0;0;30;1.92857143;0.2044479;1.29184189;2.87913542;35.0336935;;;;;;;;;;;2012
Lebiedziński 2015;;;;;8;0;0;53;28;0;0;46;0.24797844;0.3465649;0.12572375;0.48911445;33.40352061;;;;;;;;;;;2015
>6 mo to 1 year;DIC;MH;Risk Ratio;Random;56;;;115;49;;;105;1.02360153;;0.30922446;3.38834801;100;16.19630839;0.00005711;93.82575352;0.69998276;0.0381956;0.96953173;;;;1;
Gosens 2011;;;;;37;0;0;51;19;0;0;49;1.87100103;0.19910449;1.26647311;2.76408936;50.43027439;;;;;;;;;;;2011
Lebiedziński 2015;;;;;19;0;0;64;30;0;0;56;0.55416667;0.22909118;0.35370209;0.86824675;49.56972561;;;;;;;;;;;2015
>1 year;DIC;MH;Risk Ratio;Random;58;;;104;51;;;95;0.99544473;;0.31320427;3.16378258;100;17.71454904;0.00002567;94.35492263;0.65689786;0.00773873;0.99382545;;;;1;
Gosens 2011;;;;;39;0;0;51;21;0;0;49;1.78431373;0.18232956;1.24816505;2.5507648;50.43499752;;;;;;;;;;;2011
Lebiedziński 2015;;;;;19;0;0;53;30;0;0;46;0.54968553;0.21297384;0.36210177;0.83444549;49.56500248;;;;;;;;;;;2015
PRP and dry needling versus dry needling alone;;;;;;;;;;;;;;;;;;;;;;;;;;;;
Pain;CON;IV;Mean Difference;Random;;;;;;;;;;;;;;;;;;;;;;;;
>6 weeks to 3 months;CON;IV;Mean Difference;Random;0;;;15;0;;;13;-0.14;;-2.13003732;1.85003732;100;0;1;0;0;0.13788433;0.89033184;;;;0;
Stenhouse 2013;;;;;0;5.88;2.4;15;0;6.02;2.9;13;-0.14;1.01534382;-2.13003732;1.85003732;100;;;;;;;;;;;2013
>3 months to 6 months;CON;IV;Mean Difference;Random;0;;;15;0;;;13;-0.35;;-2.881548;2.181548;100;0;1;0;0;0.27097546;0.7864099;;;;0;
Stenhouse 2013;;;;;0;4.15;3.3;15;0;4.5;3.5;13;-0.35;1.29162986;-2.881548;2.181548;100;;;;;;;;;;;2013
Function;CON;IV;Mean Difference;Random;;;;;;;;;;;;;;;;;;;;;;;;
>6 weeks to 3 months;CON;IV;Mean Difference;Random;0;;;15;0;;;13;2.8;;-16.87764697;22.47764697;100;0;1;0;0;0.27889001;0.78032924;;;;0;
Stenhouse 2013;;;;;0;31.5;25.9;15;0;28.7;27;13;2.8;10.03980028;-16.87764697;22.47764697;100;;;;;;;;;;;2013
>3 months to 6 months;CON;IV;Mean Difference;Random;0;;;15;0;;;13;5.7;;-14.35702043;25.75702043;100;0;1;0;0;0.55700171;0.57752626;;;;0;
Stenhouse 2013;;;;;0;51.1;20.1;15;0;45.4;31.8;13;5.7;10.23336173;-14.35702043;25.75702043;100;;;;;;;;;;;2013
Adverse Events;DIC;MH;Risk Ratio;Fixed;2;;;15;1;;;13;1.73333333;;0.17681943;16.99159695;100;0;1;0;0;0.47228456;0.63672369;0;1;0;0;
Stenhouse 2013;;;;;2;0;0;15;1;0;0;13;1.73333333;1.16465027;0.17681943;16.99159695;100;;;;;;;;;;;2013
Withdrawal due to adverse events;DIC;MH;Risk Ratio;Fixed;2;;;15;1;;;13;1.73333333;;0.17681943;16.99159695;100;0;1;0;0;0.47228456;0.63672369;0;1;0;0;
Stenhouse 2013;;;;;2;0;0;15;1;0;0;13;1.73333333;1.16465027;0.17681943;16.99159695;100;;;;;;;;;;;2013
PRP versus autologous blood;;;;;;;;;;;;;;;;;;;;;;;;;;;;
Mean Pain;CON;IV;Mean Difference;Random;;;;;;;;;;;;;;;;;;;;;;;;
>3 weeks to 6 weeks;CON;IV;Mean Difference;Random;0;;;45;0;;;44;-0.52749664;;-1.84646518;0.7914719;100;3.48347946;0.0619844;71.29307028;0.6496581;0.78385071;0.43312772;;;;1;
Raeissadat 2014;;;;;0;4.2;2.2;31;0;4;2.3;30;0.2;0.5765955;-0.93010641;1.33010641;46.11135975;;;;;;;;;;;2014
Thanasas 2011;;;;;0;2.35;0.99;14;0;3.5;1.3;14;-1.15;0.43671665;-2.0059489;-0.2940511;53.88864025;;;;;;;;;;;
>6 weeks to 3 months;CON;IV;Mean Difference;Random;0;;;45;0;;;44;-0.72299438;;-1.30332942;-0.14265935;100;0.42660966;0.51365726;0;0;2.44176701;0.01461558;;;;1;
Raeissadat 2014;;;;;0;3.3;2;31;0;3.75;2;30;-0.45;0.51221635;-1.4539256;0.5539256;33.41600456;;;;;;;;;;;2014
Thanasas 2011;;;;;0;1.92;0.97;14;0;2.78;0.95;14;-0.86;0.36286558;-1.57120347;-0.14879653;66.58399544;;;;;;;;;;;
>3 months to 6 months;CON;IV;Mean Difference;Random;0;;;45;0;;;44;-0.65720723;;-1.36223607;0.04782161;100;0.11273767;0.73704865;0;0;1.82702101;0.06769661;;;;1;
Raeissadat 2014;;;;;0;2.9;2.5;31;0;3.4;2.1;30;-0.5;0.5904345;-1.65723036;0.65723036;37.11710753;;;;;;;;;;;2014
Thanasas 2011;;;;;0;1.78;1.22;14;0;2.53;1.18;14;-0.75;0.45362036;-1.63907956;0.13907956;62.88289247;;;;;;;;;;;
>6 months to 12 months;CON;IV;Mean Difference;Random;0;;;31;0;;;30;-0.6;;-1.80471072;0.60471072;100;0;1;0;0;0.97615002;0.32899014;;;;0;
Raeissadat 2014;;;;;0;3.3;2.4;31;0;3.9;2.4;30;-0.6;0.61465962;-1.80471072;0.60471072;100;;;;;;;;;;;2014
Function (various scales);CON;IV;Std. Mean Difference;Random;;;;;;;;;;;;;;;;;;;;;;;;
>3 weeks to 6 weeks;CON;IV;Std. Mean Difference;Random;0;;;119;0;;;107;-0.25344303;;-0.51605507;0.00916902;100;0.70280623;0.70370012;0;0;1.89153245;0.0585533;;;;2;
Creaney 2011;;;;;0;33.06;19.45;74;0;38.91;21.79;63;-0.28298015;0.17230043;-0.62068278;0.05472249;60.47284182;;;;;;;;;;;2011
Raeissadat 2014;;;;;0;27.9;16;31;0;29.4;15;30;-0.095437;0.25626395;-0.5977051;0.40683111;27.33745457;;;;;;;;;;;2014
Thanasas 2011;;;;;0;0.99;0.8;14;0;1.32;0.57;14;-0.46126506;0.38376907;-1.21343863;0.2909085;12.18970361;;;;;;;;;;;
>6 weeks to 3 months;CON;IV;Std. Mean Difference;Random;0;;;114;0;;;98;-0.24719498;;-0.51916046;0.0247705;100;1.17727609;0.55508298;0;0;1.78145127;0.07483876;;;;2;
Creaney 2011;;;;;0;15.93;14.34;69;0;17.9;15.47;54;-0.13187549;0.18189092;-0.48837514;0.22462417;58.19817214;;;;;;;;;;;2011
Raeissadat 2014;;;;;0;20.5;12;31;0;25;14;30;-0.34117076;0.25809176;-0.84702131;0.16467979;28.90567562;;;;;;;;;;;2014
Thanasas 2011;;;;;0;0.84;0.82;14;0;1.28;0.71;14;-0.55697344;0.38639867;-1.31430091;0.20035403;12.89615224;;;;;;;;;;;
>3 months to 6 months;CON;IV;Std. Mean Difference;Random;0;;;114;0;;;103;-0.25052344;;-0.53053209;0.0294852;100;2.1097335;0.34823901;5.20129691;0.00373541;1.75357777;0.07950288;;;;2;
Creaney 2011;;;;;0;12.31;14.64;69;0;13.87;19.1;59;-0.092082;0.17741499;-0.439809;0.25564499;57.96452866;;;;;;;;;;;2011
Raeissadat 2014;;;;;0;18.8;16;31;0;25.1;16;30;-0.3887234;0.25868029;-0.89572746;0.11828065;28.88876469;;;;;;;;;;;2014
Thanasas 2011;;;;;0;0.68;0.51;14;0;1.15;0.86;14;-0.64541757;0.38924788;-1.4083294;0.11749426;13.14670665;;;;;;;;;;;
>6 months to 12 months;CON;IV;Std. Mean Difference;Random;0;;;31;0;;;30;-0.27423168;;-0.77870973;0.23024637;100;0;1;0;0;1.06542636;0.28668305;;;;0;
Raeissadat 2014;;;;;0;21.8;18;31;0;26.8;18;30;-0.27423168;0.25739149;-0.77870973;0.23024637;100;;;;;;;;;;;2014
Treatment success;DIC;MH;Risk Ratio;Random;69;;;101;61;;;90;1.03089928;;0.77420413;1.37270428;100;1.88654041;0.16959286;46.99291905;0.02104868;0.20829196;0.83500101;0;1;0;1;
Creaney 2011;;;;;46;0;0;70;43;0;0;60;0.91694352;0.11850132;0.72689901;1.15667432;60.82794652;;;;;;;;;;;2011
Raeissadat 2014;;;;;23;0;0;31;18;0;0;30;1.23655914;0.18287268;0.86407886;1.76960527;39.17205348;;;;;;;;;;;2014
Adverse events;DIC;MH;Risk Ratio;Fixed;9;;;14;4;;;14;2.25;;0.90057748;5.62139307;100;0;1;0;0;1.73581089;0.08259728;0;1;0;0;
Creaney 2011;;;;;0;0;0;63;0;0;0;48;0;0;0;0;0;;;;;;;;;;;2011
Thanasas 2011;;;;;9;0;0;14;4;0;0;14;2.25;0.46717659;0.90057748;5.62139307;100;;;;;;;;;;;
Autologous blood versus ESWT;;;;;;;;;;;;;;;;;;;;;;;;;;;;
Pain relief >50%;DIC;MH;Risk Ratio;Fixed;;;;;;;;;;;;;;;;;;;;;;;;
6 Weeks;DIC;MH;Risk Ratio;Fixed;3;;;20;8;;;20;0.375;;0.1160096;1.21218414;100;0;1;0;0;1.63851268;0.10131479;;;;0;
Ozturan 2010;;;;;3;0;0;20;8;0;0;20;0.375;0.5986095;0.1160096;1.21218414;100;;;;;;;;;;;2010
1 Year;DIC;MH;Risk Ratio;Fixed;16;;;20;18;;;20;0.88888889;;0.68307864;1.15670936;100;0;1;0;0;0.87655125;0.38073044;;;;0;
Ozturan 2010;;;;;16;0;0;20;18;0;0;20;0.88888889;0.13437096;0.68307864;1.15670936;100;;;;;;;;;;;2010
Mean pain;CON;IV;Mean Difference;Random;;;;;;;;;;;;;;;;;;;;;;;;
>3 weeks to 6 weeks;CON;IV;Mean Difference;Random;0;;;18;0;;;19;6.3;;-2.81068616;15.41068616;100;0;1;0;0;1.3553066;0.17531989;;;;0;
Ozturan 2010;;;;;0;50.5;12.1;18;0;44.2;16;19;6.3;4.64839468;-2.81068616;15.41068616;100;;;;;;;;;;;2010
>6 weeks to 3 months;CON;IV;Mean Difference;Random;0;;;18;0;;;19;2.9;;-7.50954214;13.30954214;100;0;1;0;0;0.54602743;0.58504708;;;;0;
Ozturan 2010;;;;;0;25.5;15.4;18;0;22.6;16.9;19;2.9;5.31108848;-7.50954214;13.30954214;100;;;;;;;;;;;2010
>3 months to 6 months;CON;IV;Mean Difference;Random;0;;;18;0;;;19;2.3;;-7.79821744;12.39821744;100;0;1;0;0;0.44640722;0.65530312;;;;0;
Ozturan 2010;;;;;0;24.4;13.7;18;0;22.1;17.5;19;2.3;5.15224643;-7.79821744;12.39821744;100;;;;;;;;;;;2010
>6 months to 1 year;CON;IV;Mean Difference;Random;0;;;18;0;;;19;2.3;;-6.06131749;10.66131749;100;0;1;0;0;0.53913958;0.58979055;;;;0;
Ozturan 2010;;;;;0;23.3;11.8;18;0;21;14.1;19;2.3;4.2660567;-6.06131749;10.66131749;100;;;;;;;;;;;2010
Function (Upper Extremity Functional Score);CON;IV;Mean Difference;Random;;;;;;;;;;;;;;;;;;;;;;;;
>3 weeks to 6 weeks;CON;IV;Mean Difference;Random;0;;;18;0;;;19;3.8;;-1.56202657;9.16202657;100;0;0;100;0;1.38900154;0.16483228;;;;0;
Ozturan 2010;;;;;0;33.8;8;18;0;30;8.64;19;3.8;2.73577811;-1.56202657;9.16202657;100;;;;;;;;;;;2010
>6 weeks to 3 months;CON;IV;Mean Difference;Random;0;;;18;0;;;19;1.4;;-5.82365306;8.62365306;100;0;1;0;0;0.37985622;0.70405214;;;;0;
Ozturan 2010;;;;;0;19.5;12;18;0;18.1;10.3;19;1.4;3.685605;-5.82365306;8.62365306;100;;;;;;;;;;;2010
>3 months to 6 months;CON;IV;Mean Difference;Random;0;;;18;0;;;19;1.5;;-4.17447457;7.17447457;100;0;1;0;0;0.51810012;0.60438842;;;;0;
Ozturan 2010;;;;;0;20.7;8.87;18;0;19.2;8.73;19;1.5;2.89519328;-4.17447457;7.17447457;100;;;;;;;;;;;2010
>6 months to 1 year;CON;IV;Mean Difference;Random;0;;;18;0;;;19;-0.9;;-5.97795049;4.17795049;100;0;1;0;0;0.34737786;0.72830746;;;;0;
Ozturan 2010;;;;;0;18.6;10.16;18;0;19.5;4.31;19;-0.9;2.59083867;-5.97795049;4.17795049;100;;;;;;;;;;;2010
Grip Strength;CON;IV;Std. Mean Difference;Random;;;;;;;;;;;;;;;;;;;;;;;;
>3 weeks to 6 weeks;CON;IV;Std. Mean Difference;Random;0;;;18;0;;;19;0.04768699;;-0.59708315;0.69245714;100;0;1;0;0;0.14495831;0.88474379;;;;0;
Ozturan 2010;;;;;0;33.6;8.52;18;0;33.2;7.9;19;0.04768699;0.3289704;-0.59708315;0.69245714;100;;;;;;;;;;;2010
>6 weeks to 3 months;CON;IV;Std. Mean Difference;Random;0;;;18;0;;;19;0.17686412;;-0.46921156;0.8229398;100;0;1;0;0;0.53654287;0.59158342;;;;0;
Ozturan 2010;;;;;0;38;6.56;18;0;36.9;5.6;19;0.17686412;0.32963651;-0.46921156;0.8229398;100;;;;;;;;;;;2010
>3 months to 6 months;CON;IV;Std. Mean Difference;Random;0;;;18;0;;;19;0.05187257;;-0.59291635;0.69666149;100;0;1;0;0;0.15767698;0.87471134;;;;0;
Ozturan 2010;;;;;0;37.5;6.23;18;0;37.2;5.06;19;0.05187257;0.32897998;-0.59291635;0.69666149;100;;;;;;;;;;;2010
>6 months to 1 year;CON;IV;Std. Mean Difference;Random;0;;;18;0;;;19;-0.42553373;;-1.07830996;0.22724249;100;0;1;0;0;1.27766723;0.20136681;;;;0;
Ozturan 2010;;;;;0;37.3;5.83;18;0;39.6;4.72;19;-0.42553373;0.33305521;-1.07830996;0.22724249;100;;;;;;;;;;;2010
Adverse Events;DIC;MH;Risk Ratio;Fixed;3;;;20;12;;;20;0.25;;0.08297402;0.7532478;100;0;1;0;0;2.46350973;0.01375842;0;1;0;0;
Ozturan 2010;;;;;3;0;0;20;12;0;0;20;0.25;0.56273143;0.08297402;0.7532478;100;;;;;;;;;;;2010
Subgroups PRP and blood versus corticosteroid at 3 months;;;;;;;;;;;;;;;;;;;;;;;;;;;;
Mean Pain at 3 months (various scales);CON;IV;Std. Mean Difference;Random;;;;;;;;;;;;;;;;;;;;;;;;
PRP;CON;IV;Std. Mean Difference;Random;0;;;95;0;;;95;-0.49484006;;-1.28509182;0.2954117;100;20.48703887;0.00013453;85.35659536;0.55273511;1.22729078;0.21971334;;;;3;
Gautam 2015;;;;;0;1.8;0.6;15;0;1.7;0.5;15;0.17617767;0.36596291;-0.54109646;0.8934518;23.6750281;;;;;;;;;;;2015
Krogh 2013;;;;;0;-6;9.8;20;0;-7.1;9.8;20;0.11001487;0.316493;-0.51030002;0.73032976;24.89924288;;;;;;;;;;;
Martínez-Montiel 2015;;;;;0;4.1;1.5;30;0;6.6;1.6;30;-1.5911288;0.29874212;-2.1766526;-1.00560499;25.32281204;;;;;;;;;;;2015
Yadav 2015;;;;;0;1.6;1.92;30;0;2.8;1.92;30;-0.61688312;0.26468992;-1.13566582;-0.09810042;26.10291698;;;;;;;;;;;2015
Autologous blood;CON;IV;Std. Mean Difference;Random;0;;;179;0;;;178;-0.53268985;;-0.94391179;-0.1214679;100;16.94901251;0.00459753;70.49975628;0.17918754;2.53890369;0.01112004;;;;5;
Arik 2014;;;;;0;2.1;1.1;40;0;3.7;1.9;40;-1.02070864;0.23842996;-1.48802276;-0.55339451;18.64993983;;;;;;;;;;;2014
Dojode 2012;;;;;0;0.6;1.9;30;0;1.5;1.8;30;-0.4799932;0.26214795;-0.99379375;0.03380734;17.75676867;;;;;;;;;;;2012
Gosens 2011;;;;;0;40.2;27.5;51;0;45.5;27.1;49;-0.19261567;0.20052212;-0.5856318;0.20040045;20.06440927;;;;;;;;;;;2011
Kazemi 2010;;;;;0;1.5;1.2;30;0;4;2.6;30;-1.21862742;0.28268689;-1.77268354;-0.66457131;16.98986602;;;;;;;;;;;2010
Ozturan 2010;;;;;0;25.5;15.4;18;0;30.5;14.6;20;-0.32670838;0.3272957;-0.96819616;0.31477939;15.37516734;;;;;;;;;;;2010
Wolf 2011;;;;;0;4;2.5;10;0;3;3;9;0.34777707;0.46381751;-0.56128854;1.25684268;11.16384887;;;;;;;;;;;2011
Function at 3 months (various scales);CON;IV;Std. Mean Difference;Random;;;;;;;;;;;;;;;;;;;;;;;;
PRP;CON;IV;Std. Mean Difference;Random;0;;;146;0;;;144;-0.81545132;;-1.56763334;-0.06326931;100;34.73241736;0.00000053;88.48338151;0.64326549;2.12482509;0.03360121;;;;4;
Gautam 2015;;;;;0;33.6;5.1;15;0;34.3;3.3;15;-0.15856255;0.36580831;-0.87553367;0.55840856;18.95323294;;;;;;;;;;;2015
Gosens 2011;;;;;0;21.3;22;51;0;32.3;21.7;49;-0.4994881;0.20325996;-0.89787031;-0.10110589;21.51421162;;;;;;;;;;;2011
Krogh 2013;;;;;0;-16.6;19.2;20;0;-13.8;19.2;20;-0.14293598;0.31667537;-0.76360829;0.47773633;19.80798256;;;;;;;;;;;
Martínez-Montiel 2015;;;;;0;46.3;5.1;30;0;64.3;8.2;30;-2.60187213;0.35643522;-3.30047234;-1.90327193;19.11979775;;;;;;;;;;;2015
Yadav 2015;;;;;0;34.2;13.5;30;0;44.3;13.5;30;-0.73843194;0.26745101;-1.26262629;-0.21423759;20.60477513;;;;;;;;;;;2015
Autologous blood;CON;IV;Std. Mean Difference;Random;0;;;112;0;;;113;-0.59092823;;-1.22132535;0.03946889;100;19.29023409;0.00068918;79.26411892;0.40131737;1.83725148;0.06617278;;;;4;
Arik 2014;;;;;0;19.4;9.1;40;0;34.5;17.5;40;-1.0721955;0.23991084;-1.54241212;-0.60197889;22.54437802;;;;;;;;;;;2014
Branson 2016;;;;;0;17.8;18.3;14;0;17.9;22.5;14;-0.00473417;0.37796509;-0.74553213;0.73606379;19.01050665;;;;;;;;;;;2016
Kazemi 2010;;;;;0;6.9;12.6;30;0;32.4;19.4;30;-1.53869469;0.29628223;-2.11939719;-0.95799218;21.15115687;;;;;;;;;;;2010
Ozturan 2010;;;;;0;19.5;12;18;0;20.6;6.8;20;-0.11203101;0.32517657;-0.74936538;0.52530336;20.4021215;;;;;;;;;;;2010
Wolf 2011;;;;;0;28;22.4;10;0;28;24.2;9;0;0.45946829;-0.9005413;0.9005413;16.89183696;;;;;;;;;;;2011
Grip Strength;CON;IV;Std. Mean Difference;Random;;;;;;;;;;;;;;;;;;;;;;;;
PRP;CON;IV;Std. Mean Difference;Random;0;;;45;0;;;45;0.53183972;;-0.55185226;1.61553169;100;5.83396633;0.01571968;82.8590029;0.50770997;0.96188466;0.33610756;;;;1;
Gautam 2015;;;;;0;25.5;5.6;15;0;25.8;6.7;15;-0.04727343;0.36520708;-0.76306615;0.66851929;47.68690304;;;;;;;;;;;2015
Yadav 2015;;;;;0;156.6;19;30;0;136.2;19;30;1.05974026;0.27691725;0.51699243;1.60248809;52.31309696;;;;;;;;;;;2015
Autologous blood;CON;IV;Std. Mean Difference;Random;0;;;88;0;;;90;0.50709884;;-0.12105096;1.13524865;100;8.1619436;0.01689111;75.4960326;0.23146953;1.58225867;0.11359053;;;;2;
Arik 2014;;;;;0;34.9;29.1;40;0;20;25.8;40;0.53660051;0.22780002;0.09012068;0.98308034;36.24833613;;;;;;;;;;;2014
Kazemi 2010;;;;;0;47.8;15;30;0;31.1;15.7;30;1.07353966;0.27739091;0.52986346;1.61721586;33.30384854;;;;;;;;;;;2010
Ozturan 2010;;;;;0;38;6.56;18;0;39.2;9.03;20;-0.14759658;0.32538493;-0.78533933;0.49014617;30.44781533;;;;;;;;;;;2010
PRP versus arthroscopic surgery;;;;;;;;;;;;;;;;;;;;;;;;;;;;
Mean pain;CON;IV;Mean Difference;Random;;;;;;;;;;;;;;;;;;;;;;;;
3 months;CON;IV;Mean Difference;Random;0;;;50;0;;;51;-0.7;;-1.67751163;0.27751163;100;0;1;0;0;1.40353807;0.16045645;;;;0;
Merolla 2017;;;;;0;1.5;2.3;50;0;2.2;2.7;51;-0.7;0.49873959;-1.67751163;0.27751163;100;;;;;;;;;;;2017
6 months;CON;IV;Mean Difference;Random;0;;;50;0;;;51;-0.3;;-1.13647345;0.53647345;100;0;1;0;0;0.70293827;0.48209423;;;;0;
Merolla 2017;;;;;0;1.1;1.4;50;0;1.4;2.7;51;-0.3;0.42678001;-1.13647345;0.53647345;100;;;;;;;;;;;2017
12 months;CON;IV;Mean Difference;Random;0;;;50;0;;;51;-0.7;;-1.52054393;0.12054393;100;0;1;0;0;1.67203089;0.09451823;;;;0;
Merolla 2017;;;;;0;0.6;0.72;50;0;1.3;2.9;51;-0.7;0.41865255;-1.52054393;0.12054393;100;;;;;;;;;;;2017
24 months;CON;IV;Mean Difference;Random;0;;;50;0;;;51;5;;4.02483367;5.97516633;100;0;1;0;0;10.04938302;0;;;;0;
Merolla 2017;;;;;0;7.1;2.5;50;0;2.1;2.5;51;5;0.49754298;4.02483367;5.97516633;100;;;;;;;;;;;2017
Function;CON;IV;Mean Difference;Random;;;;;;;;;;;;;;;;;;;;;;;;
3 months;CON;IV;Mean Difference;Random;0;;;50;0;;;51;-9.5;;-17.68536646;-1.31463354;100;0;1;0;0;2.27474945;0.02292096;;;;0;
Merolla 2017;;;;;0;17.7;18.8;50;0;27.2;23;51;-9.5;4.17628412;-17.68536646;-1.31463354;100;;;;;;;;;;;2017
6 months;CON;IV;Mean Difference;Random;0;;;50;0;;;51;-6.7;;-13.84133707;0.44133707;100;0;1;0;0;1.83883754;0.06593908;;;;0;
Merolla 2017;;;;;0;12.3;13.6;50;0;19;22.1;51;-6.7;3.64360627;-13.84133707;0.44133707;100;;;;;;;;;;;2017
12 months;CON;IV;Mean Difference;Random;0;;;50;0;;;51;-5.2;;-11.53057718;1.13057718;100;0;1;0;0;1.6099342;0.10741222;;;;0;
Merolla 2017;;;;;0;9;9;50;0;14.2;21.2;51;-5.2;3.22994567;-11.53057718;1.13057718;100;;;;;;;;;;;2017
24 months;CON;IV;Mean Difference;Random;0;;;50;0;;;51;48;;40.19866939;55.80133061;100;0;1;0;0;12.05925962;0;;;;0;
Merolla 2017;;;;;0;69.2;20;50;0;21.2;20;51;48;3.98034386;40.19866939;55.80133061;100;;;;;;;;;;;2017
Grip strength;CON;IV;Mean Difference;Random;;;;;;;;;;;;;;;;;;;;;;;;
3 months;CON;IV;Mean Difference;Random;0;;;50;0;;;51;1;;-0.9850941;2.9850941;100;0;1;0;0;0.98734059;0.32347571;;;;0;
Merolla 2017;;;;;0;49.4;5.9;50;0;48.4;4.1;51;1;1.01282172;-0.9850941;2.9850941;100;;;;;;;;;;;2017
6 months;CON;IV;Mean Difference;Random;0;;;50;0;;;51;-26.8;;-29.03305394;-24.56694606;100;0;1;0;0;23.5225105;0;;;;0;
Merolla 2017;;;;;0;23.4;6.9;50;0;50.2;4.2;51;-26.8;1.13933417;-29.03305394;-24.56694606;100;;;;;;;;;;;2017
12 months;CON;IV;Mean Difference;Random;0;;;50;0;;;51;-23.7;;-25.59211629;-21.80788371;100;0;1;0;0;24.54983701;0;;;;0;
Merolla 2017;;;;;0;23.6;4.9;50;0;47.3;4.8;51;-23.7;0.96538319;-25.59211629;-21.80788371;100;;;;;;;;;;;2017
24 months;CON;IV;Mean Difference;Random;0;;;50;0;;;51;-25.6;;-27.3075722;-23.8924278;100;0;1;0;0;29.38386906;0;;;;0;
Merolla 2017;;;;;0;22.8;4.8;50;0;48.4;3.9;51;-25.6;0.87122632;-27.3075722;-23.8924278;100;;;;;;;;;;;2017
Autologous blood plus bandage and exercise versus bandage and exercise;;;;;;;;;;;;;;;;;;;;;;;;;;;;
Mean function;CON;IV;Mean Difference;Random;;;;;;;;;;;;;;;;;;;;;;;;
3 months;CON;IV;Mean Difference;Random;0;;;32;0;;;13;1.6;;-2.1884039;5.3884039;100;0;1;0;0;0.82777403;0.40779849;;;;0;
Gedik 2016;;;;;0;10.2;7.1;32;0;8.6;5.3;13;1.6;1.93289465;-2.1884039;5.3884039;100;;;;;;;;;;;2016
6 months;CON;IV;Mean Difference;Random;0;;;32;0;;;13;2.46;;-0.40853249;5.32853249;100;0;1;0;0;1.68082858;0.09279622;;;;0;
Gedik 2016;;;;;0;6.36;5.4;32;0;3.9;4;13;2.46;1.46356388;-0.40853249;5.32853249;100;;;;;;;;;;;2016
Hand grip strength;CON;IV;Mean Difference;Random;;;;;;;;;;;;;;;;;;;;;;;;
3 months;CON;IV;Mean Difference;Random;0;;;32;0;;;13;-2.2;;-7.10372475;2.70372475;100;0;1;0;0;0.87931542;0.37923029;;;;0;
Gedik 2016;;;;;0;26.9;9.3;32;0;29.1;6.8;13;-2.2;2.50194636;-7.10372475;2.70372475;100;;;;;;;;;;;2016
6 months;CON;IV;Mean Difference;Random;0;;;32;0;;;13;-3;;-8.84622648;2.84622648;100;0;0;100;0;1.0057585;0.31453177;;;;0;
Gedik 2016;;;;;0;27.9;9.7;32;0;30.9;8.8;13;-3;2.98282342;-8.84622648;2.84622648;100;;;;;;;;;;;2016
Response to treatment score;DIC;MH;Risk Difference;Random;;;;;;;;;;;;;;;;;;;;;;;;
3 months;DIC;MH;Risk Difference;Random;29;;;32;13;;;13;-0.09375;;-0.236881;0.049381;100;0;1;0;0;1.28376535;0.19922407;;;;0;
Gedik 2016;;;;;29;0;0;32;13;0;0;13;-0.09375;0.07302736;-0.236881;0.049381;100;;;;;;;;;;;2016
6 months;DIC;MH;Risk Difference;Random;31;;;32;13;;;13;-0.03125;;-0.15166763;0.08916763;100;0;1;0;0;0.50863709;0.61100663;;;;0;
Gedik 2016;;;;;31;0;0;32;13;0;0;13;-0.03125;0.0614387;-0.15166763;0.08916763;100;;;;;;;;;;;2016
PRP versus laser applications;;;;;;;;;;;;;;;;;;;;;;;;;;;;
Pain;CON;IV;Mean Difference;Random;;;;;;;;;;;;;;;;;;;;;;;;
3 month;CON;IV;Mean Difference;Random;0;;;27;0;;;29;-1;;-2.12687181;0.12687181;100;0;1;0;0;1.73929631;0.08198266;;;;0;
Tetschke 2015;;;;;0;3.7;2;27;0;4.7;2.3;29;-1;0.57494516;-2.12687181;0.12687181;100;;;;;;;;;;;2015
6 month;CON;IV;Mean Difference;Random;0;;;27;0;;;29;-0.9;;-1.90267315;0.10267315;100;0;1;0;0;1.75926481;0.07853254;;;;0;
Tetschke 2015;;;;;0;2.7;1.6;27;0;3.6;2.2;29;-0.9;0.51157733;-1.90267315;0.10267315;100;;;;;;;;;;;2015
12 month;CON;IV;Mean Difference;Random;0;;;27;0;;;29;-0.9;;-2.02687181;0.22687181;100;0;1;0;0;1.56536668;0.11749696;;;;0;
Tetschke 2015;;;;;0;1.8;2;27;0;2.7;2.3;29;-0.9;0.57494516;-2.02687181;0.22687181;100;;;;;;;;;;;2015
Function;CON;IV;Mean Difference;Random;;;;;;;;;;;;;;;;;;;;;;;;
3 month;CON;IV;Mean Difference;Random;0;;;27;0;;;29;-9.1;;-20.03175962;1.83175962;100;0;1;0;0;1.63154633;0.10277509;;;;0;
Tetschke 2015;;;;;0;29.8;21;27;0;38.9;20.7;29;-9.1;5.57753087;-20.03175962;1.83175962;100;;;;;;;;;;;2015
6 month;CON;IV;Mean Difference;Random;0;;;27;0;;;29;-2.5;;-13.21597157;8.21597157;100;0;1;0;0;0.45725298;0.64748922;;;;0;
Tetschke 2015;;;;;0;26.5;21.2;27;0;29;19.6;29;-2.5;5.4674329;-13.21597157;8.21597157;100;;;;;;;;;;;2015
12 month;CON;IV;Mean Difference;Random;0;;;27;0;;;29;-8.5;;-19.31909343;2.31909343;100;0;1;0;0;1.53984194;0.12359888;;;;0;
Tetschke 2015;;;;;0;18.2;19.5;27;0;26.7;21.8;29;-8.5;5.52004706;-19.31909343;2.31909343;100;;;;;;;;;;;2015
Adverse events;DIC;MH;Risk Difference;Random;0;;;27;0;;;29;0;;-0.06711733;0.06711733;100;0;1;0;0;0;1;0;1;0;0;
Tetschke 2015;;;;;0;0;0;27;0;0;0;29;0;0.03424417;-0.06711733;0.06711733;100;;;;;;;;;;;2015
Treatment success;DIC;MH;Risk Ratio;Fixed;19;;;27;14;;;29;1.45767196;;0.93014377;2.28438615;100;0;0;100;0;1.64403554;0.10016886;0;1;0;0;
Tetschke 2015;;;;;19;0;0;27;14;0;0;29;1.45767196;0.22921683;0.93014377;2.28438615;100;;;;;;;;;;;2015
Autologous blood versus polidocanol injection;;;;;;;;;;;;;;;;;;;;;;;;;;;;
Function;CON;IV;Mean Difference;Random;;;;;;;;;;;;;;;;;;;;;;;;
6 weeks;CON;IV;Mean Difference;Random;0;;;14;0;;;16;4.4;;-10.75629924;19.55629924;100;0;1;0;0;0.56899388;0.5693603;;;;0;
Branson 2016;;;;;0;13.6;21.5;14;0;9.2;20.7;16;4.4;7.73294783;-10.75629924;19.55629924;100;;;;;;;;;;;2016
3 months;CON;IV;Mean Difference;Random;0;;;14;0;;;16;-2.1;;-16.78356296;12.58356296;100;0;1;0;0;0.28030829;0.77924099;;;;0;
Branson 2016;;;;;0;17.8;18.3;14;0;19.9;22.7;16;-2.1;7.49175142;-16.78356296;12.58356296;100;;;;;;;;;;;2016
6 months;CON;IV;Mean Difference;Random;0;;;14;0;;;16;0.5;;-15.21039379;16.21039379;100;0;1;0;0;0.06237794;0.95026186;;;;0;
Branson 2016;;;;;0;29.4;22.5;14;0;28.9;21.2;16;0.5;8.01565433;-15.21039379;16.21039379;100;;;;;;;;;;;2016
Treatment success;DIC;MH;Risk Ratio;Random;;;;;;;;;;;;;;;;;;;;;;;;
6 weeks;DIC;MH;Risk Ratio;Random;3;;;14;2;;;16;1.71428571;;0.33282792;8.82971438;100;0;1;0;0;0.64449812;0.51925248;;;;0;
Branson 2016;;;;;3;0;0;14;2;0;0;16;1.71428571;0.83630423;0.33282792;8.82971438;100;;;;;;;;;;;2016
3 months;DIC;MH;Risk Ratio;Random;5;;;14;6;;;16;0.95238095;;0.36996963;2.45163224;100;0;0;100;0;0.10113432;0.91944384;;;;0;
Branson 2016;;;;;5;0;0;14;6;0;0;16;0.95238095;0.48242937;0.36996963;2.45163224;100;;;;;;;;;;;2016
6 months;DIC;MH;Risk Ratio;Random;9;;;14;13;;;16;0.79120879;;0.5015294;1.24820469;100;0;1;0;0;1.00682375;0.31401949;;;;0;
Branson 2016;;;;;9;0;0;14;13;0;0;16;0.79120879;0.23260614;0.5015294;1.24820469;100;;;;;;;;;;;2016
PRP vs physical therapy;;;;;;;;;;;;;;;;;;;;;;;;;;;;
Mean pain;CON;IV;Mean Difference;Random;0;;;61;0;;;59;-11.4;;-18.57731153;-4.22268847;100;0;1;0;0;3.11308619;0.00185142;0;1;0;0;
>3 weeks to 6 weeks;CON;IV;Mean Difference;Random;0;;;61;0;;;59;-11.4;;-18.57731153;-4.22268847;100;0;1;0;0;3.11308619;0.00185142;;;;0;
Lim 2017;;;;;0;-40.6;16.4015;61;0;-29.2;23.0434;59;-11.4;3.66196093;-18.57731153;-4.22268847;100;;;;;;;;;;;2017
Function;CON;IV;Mean Difference;Random;0;;;55;0;;;50;-7.81;;-12.70929085;-2.91070915;100;0;0;100;0;3.12439477;0.00178171;0;1;0;0;
>3 weeks to 6 weeks;CON;IV;Mean Difference;Random;0;;;55;0;;;50;-7.81;;-12.70929085;-2.91070915;100;0;0;100;0;3.12439477;0.00178171;;;;0;
Lim 2017;;;;;0;-16.23;14.0584;55;0;-8.42;11.5217;50;-7.81;2.49968412;-12.70929085;-2.91070915;100;;;;;;;;;;;2017
